X,Y,OBJECTID,STATUS,UNIQUE_ID,SITE_NUMBER,RPUID,SENSOR_NAME,TOWNSHIP,SECTION,RANGE,RPUID_NAME,NWS_ID,LATITUDE,LONGITUDE,GPS_ALTITUDE,COUNTY_NAME,ROUTE_NAME,MILE_POST,COST_CENTER,GARAGE_NAME,DISTRICT_NO,COUNTY_NO,DATA_LAST_UPDATED,SURFACE_CONDITION,REST_EDITED,SURFACE_TEMP,ICE_PERCENTAGE,FREEZE_TEMP,SENSOR_ID,UTC_OFFSET,SENSOR_PRIORITY,FrictionIndex
-92.9617,42.003667,1,1,5120292,512029,29,US 30 WB Passing Deck,T83N,17,R18W,Marshalltown,RMTI4,42.003667,-92.9617,955,MARSHALL,US 30,182.8,551604,Marshalltown,1,64,2019-06-23T16:33:04.000Z,Dry,2019-06-23T16:34:52.127Z,91.9,9999,9999,2,-05:00,10,9999
-93.341799999999765,43.038000000000416,2,0,5120300,512030,30,I-35 NB Driving Deck,T95N,20,R21W,Mason City,RMCI4,43.038,-93.3418,1235,CERRO GORDO,I-35,186.6,552617,Mason City,2,17,2019-06-23T05:30:21.000Z,NA,2019-06-23T16:34:52.127Z,9999,9999,9999,0,-05:00,199,9999
-95.917299999777384,41.549500000133015,3,0,5120310,512031,31,I-29 NB Driving Deck,T78N,20,R44W,Missouri Valley,RMVI4,41.5495,-95.9173,1015,HARRISON,I-29,75.7,554810,Missouri Valley,4,43,2019-06-12T19:13:37.000Z,NA,2019-06-23T16:34:52.127Z,9999,9999,9999,0,-05:00,199,9999
-95.917299999777384,41.549500000133015,4,0,5120311,512031,31,I-29 NB Driving Pavement,T78N,20,R44W,Missouri Valley,RMVI4,41.5495,-95.9173,1015,HARRISON,I-29,75.7,554810,Missouri Valley,4,43,2019-06-12T19:13:37.000Z,NA,2019-06-23T16:34:52.127Z,9999,9999,9999,1,-05:00,299,9999
-95.917299999777384,41.549500000133015,5,0,5120312,512031,31,I-29 SB Passing Deck,T78N,20,R44W,Missouri Valley,RMVI4,41.5495,-95.9173,1015,HARRISON,I-29,75.7,554810,Missouri Valley,4,43,2019-06-12T19:13:37.000Z,NA,2019-06-23T16:34:52.127Z,9999,9999,9999,2,-05:00,199,9999
-91.555500000043011,40.895667000051539,6,1,5120320,512032,32,US 218 NB Driving Pavement,T70N,4,R06W,Mount Pleasant,RMPI4,40.895667,-91.5555,436,HENRY,US 218,38.3,555844,Mount Pleasant,5,44,2019-06-23T16:33:10.000Z,Dry,2019-06-23T16:34:52.127Z,9999,9999,9999,0,-05:00,299,9999
-91.5555,40.895667,7,1,5120321,512032,32,US 218 SB Driving Deck,T70N,4,R06W,Mount Pleasant,RMPI4,40.895667,-91.5555,436,HENRY,US 218,38.3,555844,Mount Pleasant,5,44,2019-06-23T16:33:10.000Z,NA,2019-06-23T16:34:52.127Z,9999,9999,9999,1,-05:00,199,9999
-92.459199999998106,43.067167000000545,8,1,5120330,512033,33,US 18 WB Driving Pavement,T95N,2,R14W,New Hampton,RNHI4,43.067167,-92.4592,1072,CHICKASAW,US 18,223.95,552819,New Hampton,2,19,2019-06-23T16:30:10.000Z,Wet,2019-06-23T16:34:52.127Z,75.4,9999,9999,0,-05:00,20,9999
-96.229499999614134,42.171300000118165,9,1,5120340,512034,34,I-29 NB Passing Deck,T85N,17,R46W,Sloan,RONI4,42.1713,-96.2295,995,MONONA,I-29,123.5,553607,Sloan,3,67,2019-06-23T16:33:10.000Z,Wet,2019-06-23T16:34:52.127Z,77.5,9999,9999,0,-05:00,11,9999
-94.7973,43.3993,10,1,5120641,512064,64,IA 9 WB Departure Pavement,T99N,13,R34W,Estherville,RETI4,43.3993,-94.7973,1283,EMMETT,IA 9,,552656,Swea City,2,32,2019-06-23T16:30:04.000Z,NA,2019-06-23T16:34:52.127Z,9999,9999,9999,1,-05:00,299,9999
-92.008700000011572,41.687667000011146,11,1,5120480,512048,48,I-80 EB Driving Deck,T80N,33,R10W,Williamsburg,RWBI4,41.687667,-92.0087,854,IOWA,I-80,219.9,556606,Williamsburg,6,48,2019-06-23T16:30:24.000Z,Dry,2019-06-23T16:34:52.127Z,87.6,9999,9999,0,-05:00,10,9999
-90.68350000031522,42.068500000112444,12,1,5120282,512028,28,US 61 SB Passing Deck,T84N,24,R02E,Maquoketa,RMQI4,42.0685,-90.6835,824,JACKSON,US 61,158.95,556808,Maquoketa,6,49,2019-06-23T16:33:17.000Z,Dry,2019-06-23T16:34:52.127Z,84.4,9999,9999,2,-05:00,10,9999
-95.151499999963931,42.747500000005687,13,1,5120430,512043,43,IA 3 EB Driving Pavement,T92N,36,R37W,Storm Lake,RSLI4,42.7475,-95.1515,1329,BUENA VISTA,IA 3,172.4,553805,Storm Lake,3,11,2019-06-23T16:31:03.000Z,Dry,2019-06-23T16:34:52.127Z,79.9,9999,9999,0,-05:00,21,9999
-94.0112,41.541500000000227,14,1,5120180,512018,18,I-80 EB Driving Deck,T78N,19,R27W,De Soto,RDEI4,41.5415,-94.0112,956,DALLAS,I-80,110.2,554608,De Soto,4,25,2019-06-23T16:32:36.000Z,NA,2019-06-23T16:34:52.127Z,9999,9999,9999,0,-05:00,199,9999
-95.783399999834955,40.689500000168366,15,0,5120392,512039,39,I-29 SB Passing Deck,T68N,21,R43W,Sidney,RSDI4,40.6895,-95.7834,943,FREMONT,I-29,10.2,554808,Sidney,4,36,2019-06-08T12:02:08.000Z,NA,2019-06-23T16:34:52.127Z,9999,9999,9999,2,-05:00,199,9999
-91.975800000012654,42.312500000006203,16,1,5120451,512045,45,I-380 NB Passing Deck,T87N,26,R10W,Urbana,RURI4,42.3125,-91.9758,991,BUCHANAN,I-380,49.95,556602,Urbana,6,10,2019-06-23T16:34:37.000Z,Dry,2019-06-23T16:34:52.127Z,90,9999,9999,1,-05:00,11,9999
-91.975800000012654,42.312500000006203,17,1,5120452,512045,45,I-380 SB Driving Deck,T87N,26,R10W,Urbana,RURI4,42.3125,-91.9758,991,BUCHANAN,I-380,49.95,556602,Urbana,6,10,2019-06-23T16:34:37.000Z,Dry,2019-06-23T16:34:52.127Z,88.9,9999,9999,2,-05:00,10,9999
-92.309000000003408,42.455667000001739,18,1,5120460,512046,46,US 20 EB Driving Pavement,T88N,12,R13W,Waterloo,RWLI4,42.455667,-92.309,882,BLACK HAWK,US 20,71.3,552807,Waterloo,2,7,2019-06-23T16:30:04.000Z,NA,2019-06-23T16:34:52.127Z,9999,9999,9999,0,-05:00,299,9999
-92.309,42.455667,19,1,5120461,512046,46,US 20 WB Passing Deck,T88N,12,R13W,Waterloo,RWLI4,42.455667,-92.309,882,BLACK HAWK,US 20,71.3,552807,Waterloo,2,7,2019-06-23T16:30:04.000Z,NA,2019-06-23T16:34:52.127Z,9999,9999,9999,1,-05:00,199,9999
-92.309000000003408,42.455667000001739,20,1,5120462,512046,46,US 20 EB Passing Deck,T88N,12,R13W,Waterloo,RWLI4,42.455667,-92.309,882,BLACK HAWK,US 20,71.3,552807,Waterloo,2,7,2019-06-23T16:30:04.000Z,Dry,2019-06-23T16:34:52.127Z,86.4,9999,9999,2,-05:00,10,9999
-93.5315,42.587499999999864,21,1,5120470,512047,47,I-35 SB Driving Pavement,T90N,23,R23W,Williams,RWII4,42.5875,-93.5315,1067,HAMILTON,I-35,153,551609,Williams,2,40,2019-06-23T16:30:06.000Z,Dry,2019-06-23T16:34:52.127Z,92.5,9999,9999,0,-05:00,20,9999
-95.7834,40.6895,22,0,5120390,512039,39,I-29 NB Driving Deck,T68N,21,R43W,Sidney,RSDI4,40.6895,-95.7834,943,FREMONT,I-29,10.2,554808,Sidney,4,36,2019-06-08T12:02:08.000Z,NA,2019-06-23T16:34:52.127Z,9999,9999,9999,0,-05:00,199,9999
-95.783399999834955,40.689500000168366,23,0,5120391,512039,39,I-29 SB Driving Pavement,T68N,21,R43W,Sidney,RSDI4,40.6895,-95.7834,943,FREMONT,I-29,10.2,554808,Sidney,4,36,2019-06-08T12:02:08.000Z,NA,2019-06-23T16:34:52.127Z,9999,9999,9999,1,-05:00,299,9999
-95.783399999834955,40.689500000168366,24,0,5120393,512039,39,IA 2 WB Driving Pavement,T68N,21,R43W,Sidney,RSDI4,40.6895,-95.7834,943,FREMONT,IA 2 ,10.2,554808,Sidney,4,36,2019-06-08T12:02:08.000Z,NA,2019-06-23T16:34:52.127Z,9999,9999,9999,3,-05:00,299,9999
-93.571,41.778,25,1,5120660,512066,66,I-35 SB Driving Lane,T81N,31,R23W,VSL Elkhart Sidemount,,41.778,-93.571,,POLK,I-35,,551807,Des Moines North Gar,1,77,2019-06-23T16:30:08.000Z,Dry,2019-06-23T16:34:52.127Z,9999,9999,9999,0,-05:00,299,0.82
-93.571,41.778,26,1,5120661,512066,66,I-35 NB Drivng Lane,T81N,31,R23W,VSL Elkhart Sidemount,,41.778,-93.571,,POLK,I-35,,551807,Des Moines North Gar,1,77,2019-06-23T16:30:08.000Z,NA,2019-06-23T16:34:52.127Z,9999,9999,9999,1,-05:00,299,9999
-94.726299999990786,41.496333000010786,27,0,5120000,512000,0,I-80 WB Driving Deck,T77N,2,R34W,Adair,RDAI4,41.496333,-94.7263,1475,CASS,I-80,72,554602,Adair,4,15,2019-02-23T14:50:09.000Z,NA,2019-06-23T16:34:52.127Z,9999,9999,9999,0,-05:00,199,9999
-94.726299999990786,41.496333000010786,28,0,5120001,512000,0,I-80 EB Driving Deck,T77N,2,R34W,Adair,RDAI4,41.496333,-94.7263,1475,CASS,I-80,72,554602,Adair,4,15,2019-02-23T14:50:09.000Z,NA,2019-06-23T16:34:52.127Z,9999,9999,9999,1,-05:00,199,9999
-94.726299999990786,41.496333000010786,29,0,5120002,512000,0,I-80 EB Approach,T77N,2,R34W,Adair,RDAI4,41.496333,-94.7263,1475,CASS,I-80,72,554602,Adair,4,15,2019-02-23T14:50:09.000Z,NA,2019-06-23T16:34:52.127Z,9999,9999,9999,2,-05:00,299,9999
-94.726299999990786,41.496333000010786,30,0,5120003,512000,0,I-80 EB Passing Deck,T77N,2,R34W,Adair,RDAI4,41.496333,-94.7263,1475,CASS,I-80,72,554602,Adair,4,15,2019-02-23T14:50:09.000Z,NA,2019-06-23T16:34:52.127Z,9999,9999,9999,3,-05:00,199,9999
-96.084299999696881,42.997833000004576,31,0,5120020,512002,2,IA 10 EB Driving Deck,T95N,31,R44W,Alton,RTNI4,42.997833,-96.0843,1410,SIOUX,IA 10,24.3,553808,Alton,3,84,2019-06-23T08:30:02.000Z,NA,2019-06-23T16:34:52.127Z,9999,9999,9999,0,-05:00,199,9999
-93.5222,41.659666999999878,32,1,5120030,512003,3,I-80 EB Driving Pavement,T79N,10,R23W,Altoona,RTOI4,41.659667,-93.5222,858,POLK,I-80,84.1,551806,Altoona,1,77,2019-06-23T16:30:02.000Z,Dry,2019-06-23T16:34:52.127Z,86.5,9999,9999,0,-05:00,20,9999
-93.5222,41.659666999999878,33,1,5120031,512003,3,I-80 WB Driving Pavement,T79N,10,R23W,Altoona,RTOI4,41.659667,-93.5222,858,POLK,I-80,84.1,551806,Altoona,1,77,2019-06-23T16:30:02.000Z,Dry,2019-06-23T16:34:52.127Z,89.1,9999,9999,1,-05:00,21,9999
-93.5222,41.659666999999878,34,1,5120032,512003,3,US 65 SB Driving Deck,T79N,10,R23W,Altoona,RTOI4,41.659667,-93.5222,858,POLK,US 65,84.1,551806,Altoona,1,77,2019-06-23T16:30:02.000Z,Dry,2019-06-23T16:34:52.127Z,92.8,9999,9999,2,-05:00,10,9999
-93.5222,41.659666999999878,35,1,5120033,512003,3,US 65 SB Driving Pavement,T79N,10,R23W,Altoona,RTOI4,41.659667,-93.5222,858,POLK,US 65,84.1,551806,Altoona,1,77,2019-06-23T16:30:02.000Z,NA,2019-06-23T16:34:52.127Z,9999,9999,9999,3,-05:00,299,9999
-93.5702,42.034,36,1,5120040,512004,4,I-35 NB Driving Deck,T83N,6,R23W,Ames,RAMI4,42.034,-93.5702,1027,STORY,I-35,113.55,551602,Ames,1,85,2019-06-23T16:30:02.000Z,NA,2019-06-23T16:34:52.127Z,9999,9999,9999,0,-05:00,199,9999
-93.5702,42.034,37,1,5120041,512004,4,I-35 NB Driving Pavement,T83N,6,R23W,Ames,RAMI4,42.034,-93.5702,1027,STORY,I-35,113.55,551602,Ames,1,85,2019-06-23T16:30:02.000Z,NA,2019-06-23T16:34:52.127Z,9999,9999,9999,1,-05:00,299,9999
-93.5702,42.034,38,1,5120042,512004,4,I-35 SB Passing Deck,T83N,6,R23W,Ames,RAMI4,42.034,-93.5702,1027,STORY,I-35,113.55,551602,Ames,1,85,2019-06-23T16:30:02.000Z,NA,2019-06-23T16:34:52.127Z,9999,9999,9999,2,-05:00,199,9999
-93.5697,41.7608,39,1,5120050,512005,5,I-35 NB Driving Pavement,T80N,6,R23W,Ankeny,RAKI4,41.7608,-93.5697,865,POLK,I-35,94.75,551807,Des Moines North,1,77,2019-06-23T16:26:40.000Z,Dry,2019-06-23T16:34:52.127Z,87.4,9999,9999,0,-05:00,20,9999
-93.5697,41.7608,40,1,5120051,512005,5,I-35 NB Passing Deck,T80N,6,R23W,Ankeny,RAKI4,41.7608,-93.5697,865,POLK,I-35,94.75,551807,Des Moines North,1,77,2019-06-23T16:26:40.000Z,Dry,2019-06-23T16:34:52.127Z,86.4,9999,9999,1,-05:00,10,9999
-93.5697,41.7608,41,1,5120052,512005,5,I-35 SB Driving Pavement,T80N,6,R23W,Ankeny,RAKI4,41.7608,-93.5697,865,POLK,I-35,94.75,551807,Des Moines North,1,77,2019-06-23T16:26:40.000Z,Dry,2019-06-23T16:34:52.127Z,87.4,9999,9999,2,-05:00,20,9999
-93.794300000001769,41.026699999991003,42,0,5120350,512035,35,US 34 EB Bridge Deck,T72N,24,R26W,Osceola,ROSI4,41.0267,-93.7943,1115,CLARKE,US 34,114.3,555620,Osceola,5,20,2019-06-20T15:24:38.000Z,NA,2019-06-23T16:34:52.127Z,9999,9999,9999,0,-05:00,199,9999
-93.794300000001769,41.026699999991003,43,0,5120351,512035,35,US 34 EB Departure,T72N,24,R26W,Osceola,ROSI4,41.0267,-93.7943,1115,CLARKE,US 34,114.3,555620,Osceola,5,20,2019-06-20T15:24:38.000Z,NA,2019-06-23T16:34:52.127Z,9999,9999,9999,1,-05:00,299,9999
-93.794300000001769,41.026699999991003,44,0,5120352,512035,35,I-35 NB Driving,T72N,24,R26W,Osceola,ROSI4,41.0267,-93.7943,1115,CLARKE,I-35,114.3,555620,Osceola,5,20,2019-06-20T15:24:38.000Z,NA,2019-06-23T16:34:52.127Z,9999,9999,9999,2,-05:00,299,9999
-92.421199999998379,41.016832999996844,45,1,5120360,512036,36,US 63 NB Driving Deck,T72N,24,R14W,Ottumwa,ROTI4,41.016833,-92.4212,642,WAPELLO,US 63,35.6,555690,Ottumwa,5,90,2019-06-23T16:34:07.000Z,Dry,2019-06-23T16:34:52.127Z,91,9999,9999,0,-05:00,11,9999
-92.421199999998379,41.016832999996844,46,1,5120361,512036,36,US 63 NB Driving Pavement,T72N,24,R14W,Ottumwa,ROTI4,41.016833,-92.4212,642,WAPELLO,US 63,35.6,555690,Ottumwa,5,90,2019-06-23T16:34:07.000Z,Dry,2019-06-23T16:34:52.127Z,90.5,9999,9999,1,-05:00,20,9999
-92.421199999998379,41.016832999996844,47,1,5120362,512036,36,US 63 SB Driving Deck,T72N,24,R14W,Ottumwa,ROTI4,41.016833,-92.4212,642,WAPELLO,US 63,35.6,555690,Ottumwa,5,90,2019-06-23T16:34:07.000Z,Dry,2019-06-23T16:34:52.127Z,88.5,9999,9999,2,-05:00,10,9999
-92.872499999999761,41.390166999999231,48,1,5120370,512037,37,IA 163 EB Driving Deck,T76N,13,R18W,Pella,RPLI4,41.390167,-92.8725,890,MARION,IA 163,44.9,555662,Oskaloosa,5,63,2019-06-23T16:31:03.000Z,Dry,2019-06-23T16:34:52.127Z,93.9,9999,9999,0,-05:00,11,9999
-92.872499999999761,41.390166999999231,49,1,5120371,512037,37,IA 163 WB Driving Pavement,T76N,13,R18W,Pella,RPLI4,41.390167,-92.8725,890,MARION,IA 163,44.9,555662,Oskaloosa,5,63,2019-06-23T16:31:03.000Z,Dry,2019-06-23T16:34:52.127Z,91.8,9999,9999,1,-05:00,20,9999
-92.872499999999761,41.390166999999231,50,1,5120372,512037,37,IA 163 WB Passing Deck,T76N,13,R18W,Pella,RPLI4,41.390167,-92.8725,890,MARION,IA 163,44.9,555662,Oskaloosa,5,63,2019-06-23T16:31:03.000Z,Dry,2019-06-23T16:34:52.127Z,92.7,9999,9999,2,-05:00,10,9999
-92.314500000002866,41.336333000004622,51,0,5120400,512040,40,IA 92 EB Driving Deck,T76N,36,R13W,Sigourney,RSGI4,41.336333,-92.3145,664,KEOKUK,IA 92,198.65,555854,Sigourney,5,54,2019-06-18T16:40:06.000Z,NA,2019-06-23T16:34:52.127Z,9999,9999,9999,0,-05:00,199,9999
-92.314500000002866,41.336333000004622,52,0,5120401,512040,40,IA 92 EB Driving Pavement,T76N,36,R13W,Sigourney,RSGI4,41.336333,-92.3145,664,KEOKUK,IA 92,198.65,555854,Sigourney,5,54,2019-06-18T16:40:06.000Z,NA,2019-06-23T16:34:52.127Z,9999,9999,9999,1,-05:00,299,9999
-92.314500000002866,41.336333000004622,53,0,5120402,512040,40,IA 92 EB Bridge Deck,T76N,36,R13W,Sigourney,RSGI4,41.336333,-92.3145,664,KEOKUK,IA 92,198.65,555854,Sigourney,5,54,2019-06-18T16:40:06.000Z,NA,2019-06-23T16:34:52.127Z,9999,9999,9999,2,-05:00,199,9999
-96.078699999704909,42.482200000060416,54,1,5120410,512041,41,US 20 WB Driving Lane,T89N,31,R44W,Moville,RSCI4,42.4822,-96.0787,1149,WOODBURY,US 20,,553603,Sioux City Leeds,3,97,2019-06-23T16:30:02.000Z,Dry,2019-06-23T16:34:52.127Z,73.9,9999,9999,0,-05:00,21,9999
-96.078699999704909,42.482200000060416,55,1,5120411,512041,41,US 20 WB Passing Lane,T89N,31,R44W,Moville,RSCI4,42.4822,-96.0787,1149,WOODBURY,US 20,,553603,Sioux City Leeds,3,97,2019-06-23T16:30:02.000Z,Dry,2019-06-23T16:34:52.127Z,69.3,9999,9999,1,-05:00,20,9999
-95.0888,43.126833,56,1,5120420,512042,42,US 20 EB Passing Lane,T96N,22,R36W,Spencer,RSPI4,43.126833,-95.0888,1484,CLAY,US 20,84.5,553812,Spencer,3,21,2019-06-23T16:31:09.000Z,Dry,2019-06-23T16:34:52.127Z,9999,9999,9999,0,-05:00,299,9999
-95.088799999974327,43.126832999999081,57,1,5120421,512042,42,US 20 EB Driving Lane,T96N,22,R36W,Spencer,RSPI4,43.126833,-95.0888,1484,CLAY,US 20,84.5,553812,Spencer,3,21,2019-06-23T16:31:09.000Z,Dry,2019-06-23T16:34:52.127Z,75.7,9999,9999,1,-05:00,20,9999
-95.151499999963931,42.747500000005687,58,1,5120431,512043,43,US 71 SB Driving Pavement,T92N,36,R37W,Storm Lake,RSLI4,42.7475,-95.1515,1329,BUENA VISTA,US 71,172.4,553805,Storm Lake,3,11,2019-06-23T16:31:03.000Z,Dry,2019-06-23T16:34:52.127Z,77.7,9999,9999,1,-05:00,20,9999
-91.127200000132817,41.644800000081759,59,1,5120440,512044,44,I-80 EB Driving Deck,T79N,18,R02W,Tipton,RTPI4,41.6448,-91.1272,664,CEDAR,I-80,266.2,556802,Tipton,6,16,2019-06-23T16:30:18.000Z,Dry,2019-06-23T16:34:52.127Z,89.2,9999,9999,0,-05:00,10,9999
-91.127200000132817,41.644800000081759,60,1,5120441,512044,44,I-80 EB Driving Pavement,T79N,18,R02W,Tipton,RTPI4,41.6448,-91.1272,664,CEDAR,I-80,266.2,556802,Tipton,6,16,2019-06-23T16:30:18.000Z,Dry,2019-06-23T16:34:52.127Z,88.2,9999,9999,1,-05:00,20,9999
-95.291499999945813,41.49816700004439,61,1,5120060,512006,6,I-80 EB Driving Pavement,T77N,2,R39W,Avoca,RAVI4,41.498167,-95.2915,1238,POTTAWATTAMIE,I-80,42.6,554802,Avoca,4,78,2019-06-23T16:30:05.000Z,Dry,2019-06-23T16:34:52.127Z,75.7,9999,9999,0,-05:00,20,9999
-95.291499999945813,41.49816700004439,62,1,5120061,512006,6,I-80 EB Passing Deck,T77N,2,R39W,Avoca,RAVI4,41.498167,-95.2915,1238,POTTAWATTAMIE,I-80,42.6,554802,Avoca,4,78,2019-06-23T16:30:05.000Z,Dry,2019-06-23T16:34:52.127Z,75.7,9999,9999,1,-05:00,10,9999
-95.291499999945813,41.49816700004439,63,1,5120062,512006,6,I-80 WB Driving Deck,T77N,2,R39W,Avoca,RAVI4,41.498167,-95.2915,1238,POTTAWATTAMIE,I-80,42.6,554802,Avoca,4,78,2019-06-23T16:30:05.000Z,NA,2019-06-23T16:34:52.127Z,9999,9999,9999,2,-05:00,199,9999
-91.099200000141451,40.813000000141116,64,1,5120070,512007,7,US 34 EB Center Deck,T70N,33,R02W,Burlington,RBUI4,40.813,-91.0992,715,DES MOINES,US 34,263.5,555829,Burlington,5,29,2019-06-23T16:30:06.000Z,Dry,2019-06-23T16:34:52.127Z,92.1,9999,9999,0,-05:00,12,9999
-91.099200000141451,40.813000000141116,65,1,5120071,512007,7,US 34 Ramp A Driving Deck,T70N,33,R02W,Burlington,RBUI4,40.813,-91.0992,715,DES MOINES,US 34,263.5,555829,Burlington,5,29,2019-06-23T16:30:06.000Z,Dry,2019-06-23T16:34:52.127Z,91.2,9999,9999,1,-05:00,10,9999
-91.099200000141451,40.813000000141116,66,1,5120072,512007,7,US 34 WB Driving Deck,T70N,33,R02W,Burlington,RBUI4,40.813,-91.0992,715,DES MOINES,US 34,263.5,555829,Burlington,5,29,2019-06-23T16:30:06.000Z,Dry,2019-06-23T16:34:52.127Z,96.1,9999,9999,2,-05:00,11,9999
-91.674500000032694,41.978000000019769,67,1,5120090,512009,9,I-380 NB Center Deck,T83N,21,R07W,Cedar Rapids I-380,RCDI4,41.978,-91.6745,773,LINN,I-380,19.95,556608,Cedar Rapids,6,57,2019-06-23T16:30:02.000Z,Dry,2019-06-23T16:34:52.127Z,86.9,9999,9999,0,-05:00,10,9999
-91.674500000032694,41.978000000019769,68,1,5120091,512009,9,I-380 SB Center Deck,T83N,21,R07W,Cedar Rapids I-380,RCDI4,41.978,-91.6745,773,LINN,I-380,19.95,556608,Cedar Rapids,6,57,2019-06-23T16:30:02.000Z,NA,2019-06-23T16:34:52.127Z,9999,9999,9999,1,-05:00,199,9999
-91.674500000032694,41.978000000019769,69,1,5120092,512009,9,I-380 NB Driving Pavement,T83N,21,R07W,Cedar Rapids I-380,RCDI4,41.978,-91.6745,773,LINN,I-380,19.95,556608,Cedar Rapids,6,57,2019-06-23T16:30:02.000Z,Dry,2019-06-23T16:34:52.127Z,88.3,9999,9999,2,-05:00,20,9999
-91.683800000031937,41.930000000020314,70,1,5120101,512010,10,US 30 EB Driving Pavement,T82N,8,R07W,Cedar Rapids US 30,RCII4,41.93,-91.6838,807,LINN,US 30,252,556608,Cedar Rapids,6,57,2019-06-23T16:30:04.000Z,Dry,2019-06-23T16:34:52.127Z,89.2,9999,9999,1,-05:00,20,9999
-91.683800000031937,41.930000000020314,71,1,5120102,512010,10,US 30 EB Passing Deck,T82N,8,R07W,Cedar Rapids US 30,RCII4,41.93,-91.6838,807,LINN,US 30,252,556608,Cedar Rapids,6,57,2019-06-23T16:30:04.000Z,Dry,2019-06-23T16:34:52.127Z,90.3,9999,9999,2,-05:00,10,9999
-91.6838,41.93,72,1,5120103,512010,10,US 30 WB Driving Deck,T82N,8,R07W,Cedar Rapids US 30,RCII4,41.93,-91.6838,807,LINN,US 30,252,556608,Cedar Rapids,6,57,2019-06-23T16:30:04.000Z,NA,2019-06-23T16:34:52.127Z,9999,9999,9999,3,-05:00,199,9999
-93.002699999995087,40.739666999971135,73,1,5120110,512011,11,IA 2 EB Driving Deck,T69N,26,R19W,Centerville,RCNI4,40.739667,-93.0027,968,APPANOOSE,IA 2,164.3,555604,Centerville,5,4,2019-06-23T16:30:08.000Z,Dry,2019-06-23T16:34:52.127Z,9999,9999,9999,0,-05:00,199,9999
-93.002699999995087,40.739666999971135,74,1,5120111,512011,11,IA 2 WB Driving Pavement,T69N,26,R19W,Centerville,RCNI4,40.739667,-93.0027,968,APPANOOSE,IA 2,164.3,555604,Centerville,5,4,2019-06-23T16:30:08.000Z,Dry,2019-06-23T16:34:52.127Z,9999,9999,9999,1,-05:00,299,9999
-94.308000000001655,41.049832999996532,75,1,5120130,512013,13,US 34 EB Driving Pavement,T72N,9,R30W,Creston,RCEI4,41.049833,-94.308,1274,UNION,US 34,87,554607,Creston,4,88,2019-06-23T16:30:57.000Z,Trace Moisture,2019-06-23T16:34:52.127Z,73.6,9999,9999,0,-05:00,20,9999
-90.6777,41.602333,76,1,5120141,512014,14,I-80 EB Driving Pavement,T79N,36,R02E,Davenport,RDVI4,41.602333,-90.6777,676,SCOTT,I-80,289.9,556812,Davenport,6,82,2019-06-23T16:30:58.000Z,NA,2019-06-23T16:34:52.127Z,9999,9999,9999,1,-05:00,299,9999
-90.6777,41.602333,77,1,5120142,512014,14,I-80 Lane B Passing Deck,T79N,36,R02E,Davenport,RDVI4,41.602333,-90.6777,676,SCOTT,I-80,289.9,556812,Davenport,6,82,2019-06-23T16:30:58.000Z,NA,2019-06-23T16:34:52.127Z,9999,9999,9999,2,-05:00,199,9999
-90.677700000327008,41.602333000174532,78,1,5120143,512014,14,I-80 WB Passing Pavement,T79N,36,R02E,Davenport,RDVI4,41.602333,-90.6777,676,SCOTT,I-80,289.9,556812,Davenport,6,82,2019-06-23T16:30:58.000Z,Trace Moisture,2019-06-23T16:34:52.127Z,74.3,9999,9999,3,-05:00,20,9999
-91.699700000023128,43.245499999997996,79,1,5120150,512015,15,IA 9 EB Driving Deck,T97N,5,R07W,Decorah,RDCI4,43.2455,-91.6997,1017,WINNESHIEK,IA 9,265.2,552896,Decorah,2,96,2019-06-23T16:31:37.000Z,Wet,2019-06-23T16:34:52.127Z,70.2,9999,9999,0,-05:00,10,9999
-91.699700000023128,43.245499999997996,80,1,5120151,512015,15,IA 9 WB Driving Pavement,T97N,5,R07W,Decorah,RDCI4,43.2455,-91.6997,1017,WINNESHIEK,IA 9,265.2,552896,Decorah,2,96,2019-06-23T16:31:37.000Z,Trace Moisture,2019-06-23T16:34:52.127Z,69.4,9999,9999,1,-05:00,20,9999
-93.6113,41.595666999999771,81,1,5120170,512017,17,I-235 WB Driving Deck,T78N,3,R24W,Des Moines I-235,RDMI4,41.595667,-93.6113,833,POLK,I-235,9.05,551807,Des Moines North,1,77,2019-06-23T16:32:14.000Z,Dry,2019-06-23T16:34:52.127Z,84.2,9999,9999,0,-05:00,10,9999
-93.6113,41.595666999999771,82,1,5120171,512017,17,I-235 WB Driving Pavement,T78N,3,R24W,Des Moines I-235,RDMI4,41.595667,-93.6113,833,POLK,I-235,9.05,551807,Des Moines North,1,77,2019-06-23T16:32:14.000Z,Dry,2019-06-23T16:34:52.127Z,83.7,9999,9999,1,-05:00,20,9999
-94.0112,41.541500000000227,83,1,5120181,512018,18,I-80 WB Driving Deck,T78N,19,R27W,De Soto,RDEI4,41.5415,-94.0112,956,DALLAS,I-80,110.2,554608,De Soto,4,25,2019-06-23T16:32:36.000Z,NA,2019-06-23T16:34:52.127Z,9999,9999,9999,1,-05:00,199,9999
-94.0112,41.541500000000227,84,1,5120182,512018,18,I-80 WB Passing Deck,T78N,19,R27W,De Soto,RDEI4,41.5415,-94.0112,956,DALLAS,I-80,110.2,554608,De Soto,4,25,2019-06-23T16:32:36.000Z,Dry,2019-06-23T16:34:52.127Z,79.5,9999,9999,2,-05:00,10,9999
-94.0112,41.541500000000227,85,1,5120183,512018,18,US 169 NB Driving Pavement,T78N,19,R27W,De Soto,RDEI4,41.5415,-94.0112,956,DALLAS,US 169,110.2,554608,De Soto,4,25,2019-06-23T16:32:36.000Z,Dry,2019-06-23T16:34:52.127Z,78.3,9999,9999,3,-05:00,20,9999
-90.57050000039024,41.826167000168496,86,1,5120190,512019,19,US 30 WB Driving Pavement,T81N,14,R03E,De Witt,RDWI4,41.826167,-90.5705,789,CLINTON,US 30,139.75,556804,De Witt,6,23,2019-06-23T16:27:00.000Z,Dry,2019-06-23T16:34:52.127Z,81,9999,9999,0,-05:00,21,9999
-90.5705,41.826167,87,1,5120191,512019,19,US 61 NB Driving Deck,T81N,14,R03E,De Witt,RDWI4,41.826167,-90.5705,789,CLINTON,US 61,139.75,556804,De Witt,6,23,2019-06-23T16:27:00.000Z,NA,2019-06-23T16:34:52.127Z,9999,9999,9999,1,-05:00,199,9999
-94.183499999999356,42.446333000000479,88,1,5120210,512021,21,US 20 EB Passing Deck,T88N,12,R29W,Fort Dodge,RFDI4,42.446333,-94.1835,938,WEBSTER,US 20,121.55,551611,Fort Dodge,1,94,2019-06-23T16:32:17.000Z,Dry,2019-06-23T16:34:52.127Z,91.9,9999,9999,0,-05:00,10,9999
-94.183499999999356,42.446333000000479,89,1,5120211,512021,21,US 20 WB Driving Deck,T88N,12,R29W,Fort Dodge,RFDI4,42.446333,-94.1835,938,WEBSTER,US 20,121.55,551611,Fort Dodge,1,94,2019-06-23T16:32:17.000Z,Dry,2019-06-23T16:34:52.127Z,92.8,9999,9999,1,-05:00,11,9999
-94.183499999999356,42.446333000000479,90,1,5120212,512021,21,US 20 WB Driving Pavement,T88N,12,R29W,Fort Dodge,RFDI4,42.446333,-94.1835,938,WEBSTER,US 20,121.55,551611,Fort Dodge,1,94,2019-06-23T16:32:17.000Z,Dry,2019-06-23T16:34:52.127Z,90.1,9999,9999,2,-05:00,20,9999
-92.7257,41.6975,91,1,5120220,512022,22,I-80 EB Driving Deck,T80N,33,R16W,Grinnell,RGRI4,41.6975,-92.7257,922,POWESHIEK,I-80,182.75,551803,Grinnell,1,79,2019-06-23T16:32:32.000Z,NA,2019-06-23T16:34:52.127Z,9999,9999,9999,0,-05:00,199,9999
-92.7257,41.6975,92,1,5120223,512022,22,I-80 WB Passing Deck,T80N,33,R16W,Grinnell,RGRI4,41.6975,-92.7257,922,POWESHIEK,I-80,182.75,551803,Grinnell,1,79,2019-06-23T16:32:32.000Z,Dry,2019-06-23T16:34:52.127Z,91,9999,9999,3,-05:00,10,9999
-91.598800000041805,41.657500000031973,93,1,5120230,512023,23,US 218 NB Driving Deck,T79N,7,R06W,Iowa City US 218,RIAI4,41.6575,-91.5988,833,JOHNSON,US 218,93.7,556607,Coralville,6,52,2019-06-23T16:32:38.000Z,Dry,2019-06-23T16:34:52.127Z,89.6,9999,9999,0,-05:00,11,9999
-91.598800000041805,41.657500000031973,94,1,5120231,512023,23,US 218 SB Driving Pavement,T79N,7,R06W,Iowa City US 218,RIAI4,41.6575,-91.5988,833,JOHNSON,US 218,93.7,556607,Coralville,6,52,2019-06-23T16:32:38.000Z,Dry,2019-06-23T16:34:52.127Z,87.8,9999,9999,1,-05:00,20,9999
-91.598800000041805,41.657500000031973,95,1,5120232,512023,23,US 218 SB Passing Deck,T79N,7,R06W,Iowa City US 218,RIAI4,41.6575,-91.5988,833,JOHNSON,US 218,93.7,556607,Coralville,6,52,2019-06-23T16:32:38.000Z,Dry,2019-06-23T16:34:52.127Z,87.8,9999,9999,2,-05:00,10,9999
-91.58120000004368,41.689100000032326,96,1,5120240,512024,24,I-80 EB Driving Deck,T80N,31,R06W,Iowa City I-80,RIOI4,41.6891,-91.5812,819,JOHNSON,I-80,242.15,556607,Coralville,6,52,2019-06-23T16:32:42.000Z,Dry,2019-06-23T16:34:52.127Z,85.1,9999,9999,0,-05:00,10,9999
-91.58120000004368,41.689100000032326,97,1,5120241,512024,24,I-80 WB Driving Pavement,T80N,31,R06W,Iowa City I-80,RIOI4,41.6891,-91.5812,819,JOHNSON,I-80,242.15,556607,Coralville,6,52,2019-06-23T16:32:42.000Z,Dry,2019-06-23T16:34:52.127Z,86.4,9999,9999,1,-05:00,20,9999
-94.378299999998092,42.051833000001871,98,1,5120250,512025,25,IA 4 NB Driving Pavement,T84N,30,R30W,Jefferson,RJFI4,42.051833,-94.3783,1016,GREENE,IA 4,25.1,551613,Jefferson,1,37,2019-06-23T16:33:03.000Z,Dry,2019-06-23T16:34:52.127Z,85.3,9999,9999,0,-05:00,20,9999
-94.378299999998092,42.051833000001871,99,1,5120251,512025,25,IA 4 SB Driving Deck,T84N,30,R30W,Jefferson,RJFI4,42.051833,-94.3783,1016,GREENE,IA 4,25.1,551613,Jefferson,1,37,2019-06-23T16:33:03.000Z,Dry,2019-06-23T16:34:52.127Z,88.3,9999,9999,1,-05:00,10,9999
-93.841700000005474,40.738666999971294,100,1,5120260,512026,26,I-35 NB Driving Pavement,T69N,34,R26W,Leon,RLEI4,40.738667,-93.8417,1145,DECATUR,I-35,119.2,555627,Leon,5,27,2019-06-23T16:33:10.000Z,Dry,2019-06-23T16:34:52.127Z,74.3,9999,9999,0,-05:00,21,9999
-93.841700000005474,40.738666999971294,101,1,5120262,512026,26,IA 2 EB Driving Deck,T69N,34,R26W,Leon,RLEI4,40.738667,-93.8417,1145,DECATUR,IA 2,119.2,555627,Leon,5,27,2019-06-23T16:33:10.000Z,Trace Moisture,2019-06-23T16:34:52.127Z,70.9,9999,9999,2,-05:00,10,9999
-90.68350000031522,42.068500000112444,102,1,5120281,512028,28,US 61 SB Driving Pavement,T84N,24,R02E,Maquoketa,RMQI4,42.0685,-90.6835,824,JACKSON,US 61,158.95,556808,Maquoketa,6,49,2019-06-23T16:33:17.000Z,Dry,2019-06-23T16:34:52.127Z,83.1,9999,9999,1,-05:00,21,9999
-90.68350000031522,42.068500000112444,103,1,5120283,512028,28,US 64 EB Passing Pavement,T84N,24,R02E,Maquoketa,RMQI4,42.0685,-90.6835,824,JACKSON,US 64,158.95,556808,Maquoketa,6,49,2019-06-23T16:33:17.000Z,Dry,2019-06-23T16:34:52.127Z,82,9999,9999,3,-05:00,20,9999
-92.9617,42.003667,104,1,5120290,512029,29,US 30 EB Driving Deck,T83N,17,R18W,Marshalltown,RMTI4,42.003667,-92.9617,955,MARSHALL,US 30,182.8,551604,Marshalltown,1,64,2019-06-23T16:33:04.000Z,Dry,2019-06-23T16:34:52.127Z,92.7,9999,9999,0,-05:00,11,9999
-92.9617,42.003667,105,1,5120291,512029,29,US 30 WB Driving Pavement,T83N,17,R18W,Marshalltown,RMTI4,42.003667,-92.9617,955,MARSHALL,US 30,182.8,551604,Marshalltown,1,64,2019-06-23T16:33:04.000Z,Dry,2019-06-23T16:34:52.127Z,92.1,9999,9999,1,-05:00,20,9999
-93.5315,42.587499999999864,106,1,5120471,512047,47,I-35 SB Passing Deck,T90N,23,R23W,Williams,RWII4,42.5875,-93.5315,1067,HAMILTON,I-35,153,551609,Williams,2,40,2019-06-23T16:30:06.000Z,Dry,2019-06-23T16:34:52.127Z,89.6,9999,9999,1,-05:00,10,9999
-92.008700000011572,41.687667000011146,107,1,5120481,512048,48,I-80 WB Driving Pavement,T80N,33,R10W,Williamsburg,RWBI4,41.687667,-92.0087,854,IOWA,I-80,219.9,556606,Williamsburg,6,48,2019-06-23T16:30:24.000Z,Dry,2019-06-23T16:34:52.127Z,87.8,9999,9999,1,-05:00,20,9999
-93.349799999999263,43.392167000006502,108,1,5120490,512049,49,I-35 SB Driving Pavement,T99N,17,R21W,Worth County/Hanlontown,RHAI4,43.392167,-93.3498,1093,WORTH,I-35,211.2,552698,Hanlontown,2,98,2019-06-23T16:30:03.000Z,Dry,2019-06-23T16:34:52.127Z,73.2,9999,9999,0,-05:00,20,9999
-93.349799999999263,43.392167000006502,109,1,5120491,512049,49,I-35 SB Passing Deck,T99N,17,R21W,Worth County/Hanlontown,RHAI4,43.392167,-93.3498,1093,WORTH,I-35,211.2,552698,Hanlontown,2,98,2019-06-23T16:30:03.000Z,Dry,2019-06-23T16:34:52.127Z,71.8,9999,9999,1,-05:00,10,9999
-93.0583,42.4534,110,1,5120500,512050,50,US 20 EB Driving Pavement,T88N,10,R19W,Steamboat Rock,RSBI4,42.4534,-93.0583,1111,HARDIN,US 20,,551608,Iowa Falls,1,42,2019-06-23T16:34:07.000Z,Dry,2019-06-23T16:34:52.127Z,100,9999,9999,0,-05:00,20,9999
-93.0583,42.4534,111,1,5120501,512050,50,US 20 EB Passing Deck,T88N,10,R19W,Steamboat Rock,RSBI4,42.4534,-93.0583,1111,HARDIN,US 20,,551608,Iowa Falls,1,42,2019-06-23T16:34:07.000Z,Dry,2019-06-23T16:34:52.127Z,98.6,9999,9999,1,-05:00,11,9999
-91.33569500007988,42.071186000036846,112,1,5120520,512052,52,US 151 WB Driving Lane,T84N,24,R05W,Anamosa,RCRI4,42.071186,-91.335695,939,JONES,US 151,,556810,Anamosa,6,53,2019-06-23T16:30:09.000Z,Dry,2019-06-23T16:34:52.127Z,82.6,9999,9999,0,-05:00,20,9999
-91.33569500007988,42.071186000036846,113,1,5120521,512052,52,US 151 WB Driving Deck,T84N,24,R05W,Anamosa,RCRI4,42.071186,-91.335695,939,JONES,US 151,,556810,Anamosa,6,53,2019-06-23T16:30:09.000Z,Dry,2019-06-23T16:34:52.127Z,84.2,9999,9999,1,-05:00,10,9999
-91.33569500007988,42.071186000036846,114,1,5120522,512052,52,IA 1 SB,T84N,24,R05W,Anamosa,RCRI4,42.071186,-91.335695,939,JONES,US 151,,556810,Anamosa,6,53,2019-06-23T16:30:09.000Z,Dry,2019-06-23T16:34:52.127Z,84.2,9999,9999,2,-05:00,21,9999
-95.71489999986953,43.433499999979603,115,1,5120540,512054,54,IA 60 NB Driving Deck,T100,32,R41W,Sibley,RSYI4,43.4335,-95.7149,1574,OSCEOLA,IA 60,,553810,Ashton,3,72,2019-06-23T16:30:05.000Z,Trace Moisture,2019-06-23T16:34:52.127Z,66,9999,9999,0,-05:00,11,9999
-95.71489999986953,43.433499999979603,116,1,5120541,512054,54,IA 60 SB Driving Deck,T100,32,R41W,Sibley,RSYI4,43.4335,-95.7149,1574,OSCEOLA,IA 60,,553810,Ashton,3,72,2019-06-23T16:30:05.000Z,Wet,2019-06-23T16:34:52.127Z,65.7,0,32,1,-05:00,10,9999
-92.643599999998827,41.146499999997111,117,1,5120560,512056,56,IA 137 EB Driving Pavement,T73N,12,R16W,Eddyville,RDYI4,41.1465,-92.6436,799,MONROE,IA 137,,555690,Ottumwa,5,68,2019-06-23T16:20:04.000Z,Dry,2019-06-23T16:34:52.127Z,86.5,9999,9999,0,-05:00,20,9999
-92.298300000003479,41.964900000003311,118,0,5120570,512057,57,US 30 WB Driving Deck,T83N,25,R13W,Tama,RTMI4,41.9649,-92.2983,822,TAMA,US 30,,551605,Tama,1,86,2019-06-20T17:40:07.000Z,NA,2019-06-23T16:34:52.127Z,9999,9999,9999,0,-05:00,199,9999
-92.2983,41.9649,119,0,5120571,512057,57,US 30 WB Driving Pavement,T83N,25,R13W,Tama,RTMI4,41.9649,-92.2983,822,TAMA,US 30,,551605,Tama,1,86,2019-06-20T17:40:07.000Z,NA,2019-06-23T16:34:52.127Z,9999,9999,9999,1,-05:00,299,9999
-92.5371,42.833200000000183,120,1,5120580,512058,58,US 218 SB Driving Lane,T93N,30,R14W,Plainfield,RPFI4,42.8332,-92.5371,965,BREMER,US 218,,552809,Waverly,2,9,2019-06-23T16:30:13.000Z,Trace Moisture,2019-06-23T16:34:52.127Z,74.7,9999,9999,0,-05:00,20,9999
-92.5371,42.833200000000183,121,1,5120581,512058,58,US 218 SB Passing Lane,T93N,30,R14W,Plainfield,RPFI4,42.8332,-92.5371,965,BREMER,US 218,,552809,Waverly,2,9,2019-06-23T16:30:13.000Z,Trace Moisture,2019-06-23T16:34:52.127Z,75.4,9999,9999,1,-05:00,21,9999
-92.061999999993247,40.657799999988413,122,1,5120590,512059,59,US 218 NB Passing Lane,T68N,30,R10W,Cantril,RCLI4,40.6578,-92.062,693,VAN BUREN,US 218,,555826,Bloomfield,5,89,2019-06-23T16:30:10.000Z,Trace Moisture,2019-06-23T16:34:52.127Z,89.2,9999,9999,0,-05:00,20,9999
-92.061999999993247,40.657799999988413,123,1,5120591,512059,59,US 218 NB Driving Lane,T68N,30,R10W,Cantril,RCLI4,40.6578,-92.062,693,VAN BUREN,US 218,,555826,Bloomfield,5,89,2019-06-23T16:30:10.000Z,Dry,2019-06-23T16:34:52.127Z,87.6,9999,9999,1,-05:00,10,9999
-94.669999999992726,42.450100000003211,124,1,5120630,512063,63,US-20 WB Bridge Deck,T88N,10,R33W,Rockwell City,RRWI4,42.4501,-94.67,1286,CALHOUN,US 20,,553606,Rockwell City,3,13,2019-06-23T16:30:09.000Z,Dry,2019-06-23T16:34:52.127Z,82.4,9999,9999,0,-05:00,10,9999
-94.669999999992726,42.450100000003211,125,1,5120631,512063,63,US-20 WB Departure Pavement,T88N,10,R33W,Rockwell City,RRWI4,42.4501,-94.67,1286,CALHOUN,US 20,,553606,Rockwell City,3,13,2019-06-23T16:30:09.000Z,Dry,2019-06-23T16:34:52.127Z,83.8,9999,9999,1,-05:00,20,9999
-94.7973,43.3993,126,1,5120640,512064,64,IA 9 EB Bridge Deck,T99N,13,R34W,Estherville,RETI4,43.3993,-94.7973,1283,EMMETT,IA 9,,552656,Swea City,2,32,2019-06-23T16:30:04.000Z,NA,2019-06-23T16:34:52.127Z,9999,9999,9999,0,-05:00,199,9999
-95.803099999818869,41.260500000136361,127,1,5120650,512065,65,I-80 EB Approach Driving Lane,T75N,33,R43W,Council Bluffs DMS,RCMI4,41.2605,-95.8031,1036,POTTAWATTAMIE,I-80,,554803,Council Bluffs North,4,78,2019-06-23T16:30:04.000Z,Dry,2019-06-23T16:34:52.127Z,76.3,9999,9999,0,-05:00,20,9999
-95.803099999818869,41.260500000136361,128,1,5120651,512065,65,I-80 EB Bridge Deck,T75N,33,R43W,Council Bluffs DMS,RCMI4,41.2605,-95.8031,1036,POTTAWATTAMIE,I-80,,554803,Council Bluffs North,4,78,2019-06-23T16:30:04.000Z,Dry,2019-06-23T16:34:52.127Z,76.1,9999,9999,1,-05:00,10,9999
-94.89749999998395,42.078500000010031,129,1,5120080,512008,8,US 30 EB Driving Deck,T84N,14,R35W,Carroll,RCAI4,42.0785,-94.8975,1275,CARROLL,US 30,80,553613,Carroll,3,14,2019-06-23T16:30:04.000Z,Trace Moisture,2019-06-23T16:34:52.127Z,72.3,9999,9999,0,-05:00,11,9999
-94.89749999998395,42.078500000010031,130,1,5120081,512008,8,US 30 WB Driving Deck,T84N,14,R35W,Carroll,RCAI4,42.0785,-94.8975,1275,CARROLL,US 30,80,553613,Carroll,3,14,2019-06-23T16:30:04.000Z,Trace Moisture,2019-06-23T16:34:52.127Z,69.3,9999,9999,1,-05:00,10,9999
-94.89749999998395,42.078500000010031,131,1,5120082,512008,8,US 30 WB Driving Pavement,T84N,14,R35W,Carroll,RCAI4,42.0785,-94.8975,1275,CARROLL,US 30,80,553613,Carroll,3,14,2019-06-23T16:30:04.000Z,Wet,2019-06-23T16:34:52.127Z,69.4,9999,9999,2,-05:00,20,9999
-90.731000000289896,42.490333000058683,132,1,5120200,512020,20,US 20 EB Driving Deck,T89N,28,R02E,Dubuque,RDBI4,42.490333,-90.731,819,DUBUQUE,US 20,316.25,556806,Dubuque,6,31,2019-06-23T16:27:09.000Z,Wet,2019-06-23T16:34:52.127Z,73.2,9999,9999,0,-05:00,11,9999
-90.731000000289896,42.490333000058683,133,1,5120201,512020,20,US 20 WB Driving Deck,T89N,28,R02E,Dubuque,RDBI4,42.490333,-90.731,819,DUBUQUE,US 20,316.25,556806,Dubuque,6,31,2019-06-23T16:27:09.000Z,Wet,2019-06-23T16:34:52.127Z,72,9999,9999,1,-05:00,10,9999
-90.731000000289896,42.490333000058683,134,1,5120202,512020,20,US 20 WB Passing Pavement,T89N,28,R02E,Dubuque,RDBI4,42.490333,-90.731,819,DUBUQUE,US 20,316.25,556806,Dubuque,6,31,2019-06-23T16:27:09.000Z,Wet,2019-06-23T16:34:52.127Z,72.5,9999,9999,2,-05:00,20,9999
-91.447300000061318,42.471000000017177,135,0,5120270,512027,27,US 20 EB Driving Deck,T89N,33,R05W,Manchester,RMNI4,42.471,-91.4473,1013,DELAWARE,US 20,276.95,556605,Manchester,6,28,2019-06-18T20:03:11.000Z,NA,2019-06-23T16:34:52.127Z,9999,9999,9999,0,-05:00,199,9999
-91.447300000061318,42.471000000017177,136,0,5120272,512027,27,US 20 WB Driving Pavement,T89N,33,R05W,Manchester,RMNI4,42.471,-91.4473,1013,DELAWARE,US 20,276.95,556605,Manchester,6,28,2019-06-18T20:03:11.000Z,NA,2019-06-23T16:34:52.127Z,9999,9999,9999,2,-05:00,299,9999
-91.447300000061318,42.471000000017177,137,0,5120273,512027,27,US 20 WB Passing Deck,T89N,33,R05W,Manchester,RMNI4,42.471,-91.4473,1013,DELAWARE,US 20,276.95,556605,Manchester,6,28,2019-06-18T20:03:11.000Z,NA,2019-06-23T16:34:52.127Z,9999,9999,9999,3,-05:00,199,9999
-94.983799999981542,40.980000000024802,138,1,5120380,512038,38,US 34 WB Driving Pavement,T71N,3,R36W,Red Oak,RROI4,40.98,-94.9838,953,MONTGOMERY,US 34,49.1,554615,Red Oak,4,69,2019-06-23T16:34:43.000Z,Trace Moisture,2019-06-23T16:34:52.127Z,77.9,9999,9999,0,-05:00,20,9999
-94.9838,40.98,139,1,5120381,512038,38,US 71 NB Driving Pavement,T71N,3,R36W,Red Oak,RROI4,40.98,-94.9838,953,MONTGOMERY,US 71,49.1,554615,Red Oak,4,69,2019-06-23T16:34:43.000Z,NA,2019-06-23T16:34:52.127Z,9999,9999,9999,1,-05:00,299,9999
-94.983799999981542,40.980000000024802,140,1,5120382,512038,38,US 71 SB Driving Deck,T71N,3,R36W,Red Oak,RROI4,40.98,-94.9838,953,MONTGOMERY,US 71,49.1,554615,Red Oak,4,69,2019-06-23T16:34:43.000Z,Trace Moisture,2019-06-23T16:34:52.127Z,75.4,9999,9999,2,-05:00,10,9999
-95.47829999991697,42.351500000026704,141,1,5120510,512051,51,US 59 NB Driving Deck,T87N,15,R40W,Ida Grove,RIGI4,42.3515,-95.4783,1215,IDA,US 59,,553608,Ida Grove,3,47,2019-06-23T16:30:02.000Z,Dry,2019-06-23T16:34:52.127Z,80.1,9999,9999,0,-05:00,11,9999
-95.47829999991697,42.351500000026704,142,1,5120511,512051,51,US 59 NB Driving Pavement,T87N,15,R40W,Ida Grove,RIGI4,42.3515,-95.4783,1215,IDA,US 59,,553608,Ida Grove,3,47,2019-06-23T16:30:02.000Z,Dry,2019-06-23T16:34:52.127Z,77.5,9999,9999,1,-05:00,20,9999
-95.47829999991697,42.351500000026704,143,1,5120512,512051,51,US 59 SB Driving Deck,T87N,15,R40W,Ida Grove,RIGI4,42.3515,-95.4783,1215,IDA,US 59,,553608,Ida Grove,3,47,2019-06-23T16:30:02.000Z,Dry,2019-06-23T16:34:52.127Z,77.2,9999,9999,2,-05:00,10,9999
-94.780800000004206,40.677299999993345,144,1,5120550,512055,55,IA 2 WB Driving Deck,T68N,23,R34W,Bedford,RBFI4,40.6773,-94.7808,1100,TAYLOR,IA 2 ,,554605,Clarinda,4,87,2019-06-23T16:20:05.000Z,Trace Moisture,2019-06-23T16:34:52.127Z,75.7,9999,9999,0,-05:00,10,9999
-94.780800000004206,40.677299999993345,145,1,5120551,512055,55,IA 2 WB Driving Pavement,T68N,23,R34W,Bedford,RBFI4,40.6773,-94.7808,1100,TAYLOR,IA 2 ,,554605,Clarinda,4,87,2019-06-23T16:20:05.000Z,Trace Moisture,2019-06-23T16:34:52.127Z,76.8,9999,9999,1,-05:00,20,9999
-95.343899999940461,41.915700000034022,146,1,5120600,512060,60,US 59 NB Driving Pavement,T82N,13,R39W,Denison,RDNI4,41.9157,-95.3439,1400,CRAWFORD,US 59,95,553612,Denison,3,24,2019-06-23T16:34:45.000Z,Wet,2019-06-23T16:34:52.127Z,76.3,9999,9999,0,-05:00,20,9999
-95.343899999940461,41.915700000034022,147,1,5120601,512060,60,US 59 SB Driving Deck,T82N,13,R39W,Denison,RDNI4,41.9157,-95.3439,1400,CRAWFORD,US 59,95,553612,Denison,3,24,2019-06-23T16:34:45.000Z,Trace Moisture,2019-06-23T16:34:52.127Z,73.9,9999,9999,1,-05:00,10,9999
-90.677700000327008,41.602333000174532,148,1,5120140,512014,14,I-280 EB Driving Pavement,T79N,36,R02E,Davenport,RDVI4,41.602333,-90.6777,676,SCOTT,I-280,289.9,556812,Davenport,6,82,2019-06-23T16:30:58.000Z,Dry,2019-06-23T16:34:52.127Z,9999,9999,9999,0,-05:00,299,9999
-95.71489999986953,43.433499999979603,149,1,5120542,512054,54,IA 60 SB Driving Pavement,T100,32,R41W,Sibley,RSYI4,43.4335,-95.7149,1574,OSCEOLA,IA 60,,553810,Ashton,3,72,2019-06-23T16:30:05.000Z,Trace Moisture,2019-06-23T16:34:52.127Z,65.5,9999,9999,2,-05:00,20,9999
-91.6838,41.93,150,1,5120100,512010,10,US 30 EB Driving Deck,T82N,8,R07W,Cedar Rapids US 30,RCII4,41.93,-91.6838,807,LINN,US 30,252,556608,Cedar Rapids,6,57,2019-06-23T16:30:04.000Z,NA,2019-06-23T16:34:52.127Z,9999,9999,9999,0,-05:00,199,9999
-91.975800000012654,42.312500000006203,151,1,5120450,512045,45,I-380 NB Driving Pavement,T87N,26,R10W,Urbana,RURI4,42.3125,-91.9758,991,BUCHANAN,I-380,49.95,556602,Urbana,6,10,2019-06-23T16:34:37.000Z,Dry,2019-06-23T16:34:52.127Z,93.2,9999,9999,0,-05:00,20,9999
-90.68350000031522,42.068500000112444,152,1,5120280,512028,28,US 61 NB Driving Deck,T84N,24,R02E,Maquoketa,RMQI4,42.0685,-90.6835,824,JACKSON,US 61,158.95,556808,Maquoketa,6,49,2019-06-23T16:33:17.000Z,Dry,2019-06-23T16:34:52.127Z,86.5,9999,9999,0,-05:00,11,9999
-93.841700000005474,40.738666999971294,153,1,5120261,512026,26,I-35 SB Passing Pavement,T69N,34,R26W,Leon,RLEI4,40.738667,-93.8417,1145,DECATUR,I-35,119.2,555627,Leon,5,27,2019-06-23T16:33:10.000Z,Dry,2019-06-23T16:34:52.127Z,73.4,9999,9999,1,-05:00,20,9999
-94.39850000000169,43.083000000000581,154,1,5120010,512001,1,US 18 EB Driving Pavement,T95N,4,R30W,Algona,RALI4,43.083,-94.3985,1106,KOSSUTH,US 18,121.8,552655,Algona,2,55,2019-06-23T16:30:05.000Z,Dry,2019-06-23T16:34:52.127Z,90.7,9999,9999,0,-05:00,20,9999
-94.3985,43.083,155,1,5120011,512001,1,US 18 WB Driving Pavement,T95N,4,R30W,Algona,RALI4,43.083,-94.3985,1106,KOSSUTH,US 18,121.8,552655,Algona,2,55,2019-06-23T16:30:05.000Z,NA,2019-06-23T16:34:52.127Z,9999,9999,9999,1,-05:00,299,9999
-96.084299999696881,42.997833000004576,156,0,5120021,512002,2,IA 10 WB Driving Pavement,T95N,31,R44W,Alton,RTNI4,42.997833,-96.0843,1410,SIOUX,IA 10,24.3,553808,Alton,3,84,2019-06-23T08:30:02.000Z,NA,2019-06-23T16:34:52.127Z,9999,9999,9999,1,-05:00,299,9999
-93.5697,41.7608,157,1,5120053,512005,5,I-35 SB Passing Deck,T80N,6,R23W,Ankeny,RAKI4,41.7608,-93.5697,865,POLK,I-35,94.75,551807,Des Moines North,1,77,2019-06-23T16:26:40.000Z,Dry,2019-06-23T16:34:52.127Z,9999,9999,9999,3,-05:00,199,0.82
-91.674500000032694,41.978000000019769,158,1,5120093,512009,9,I-380 Ramp D-4 Driving Pavement,T83N,21,R07W,Cedar Rapids I-380,RCDI4,41.978,-91.6745,773,LINN,I-380,19.95,556608,Cedar Rapids,6,57,2019-06-23T16:30:02.000Z,Dry,2019-06-23T16:34:52.127Z,89.2,9999,9999,3,-05:00,21,9999
-94.308000000001655,41.049832999996532,159,1,5120131,512013,13,US 34 WB Driving Deck,T72N,9,R30W,Creston,RCEI4,41.049833,-94.308,1274,UNION,US 34,87,554607,Creston,4,88,2019-06-23T16:30:57.000Z,Trace Moisture,2019-06-23T16:34:52.127Z,70.9,9999,9999,1,-05:00,10,9999
-93.774100000000104,41.523899999999642,160,1,5120160,512016,16,I-35 NB Driving Pavement,T78N,30,R25W,Des Moines I-35,RDSI4,41.5239,-93.7741,735,POLK,I-35,68.2,551808,Grimes,1,77,2019-06-23T16:26:41.000Z,Dry,2019-06-23T16:34:52.127Z,73.8,9999,9999,0,-05:00,20,9999
-93.774100000000104,41.523899999999642,161,1,5120161,512016,16,I-35 SB Driving Pavement,T78N,30,R25W,Des Moines I-35,RDSI4,41.5239,-93.7741,735,POLK,I-35,68.2,551808,Grimes,1,77,2019-06-23T16:26:41.000Z,Dry,2019-06-23T16:34:52.127Z,80.1,9999,9999,1,-05:00,21,9999
-93.774100000000104,41.523899999999642,162,1,5120162,512016,16,IA 5 NB Driving Deck,T78N,30,R25W,Des Moines I-35,RDSI4,41.5239,-93.7741,735,POLK,IA 5,68.2,551808,Grimes,1,77,2019-06-23T16:26:41.000Z,Dry,2019-06-23T16:34:52.127Z,83.5,9999,9999,2,-05:00,10,9999
-93.774100000000104,41.523899999999642,163,1,5120163,512016,16,IA 5 SB Driving Deck,T78N,30,R25W,Des Moines I-35,RDSI4,41.5239,-93.7741,735,POLK,IA 5,68.2,551808,Grimes,1,77,2019-06-23T16:26:41.000Z,Dry,2019-06-23T16:34:52.127Z,83.5,9999,9999,3,-05:00,10,9999
-90.57050000039024,41.826167000168496,164,1,5120192,512019,19,US 61 SB Driving Pavement,T81N,14,R03E,De Witt,RDWI4,41.826167,-90.5705,789,CLINTON,US 61,139.75,556804,De Witt,6,23,2019-06-23T16:27:00.000Z,Dry,2019-06-23T16:34:52.127Z,79.3,9999,9999,2,-05:00,20,9999
-90.5705,41.826167,165,1,5120193,512019,19,US 61 SB Passing Deck,T81N,14,R03E,De Witt,RDWI4,41.826167,-90.5705,789,CLINTON,US 61,139.75,556804,De Witt,6,23,2019-06-23T16:27:00.000Z,NA,2019-06-23T16:34:52.127Z,9999,9999,9999,3,-05:00,199,9999
-92.7257,41.6975,166,1,5120221,512022,22,I-80 WB Driving Deck,T80N,33,R16W,Grinnell,RGRI4,41.6975,-92.7257,922,POWESHIEK,I-80,182.75,551803,Grinnell,1,79,2019-06-23T16:32:32.000Z,Dry,2019-06-23T16:34:52.127Z,93.4,9999,9999,1,-05:00,11,9999
-92.7257,41.6975,167,1,5120222,512022,22,I-80 WB Driving Pavement,T80N,33,R16W,Grinnell,RGRI4,41.6975,-92.7257,922,POWESHIEK,I-80,182.75,551803,Grinnell,1,79,2019-06-23T16:32:32.000Z,Dry,2019-06-23T16:34:52.127Z,93.9,9999,9999,2,-05:00,20,9999
-91.5812,41.6891,168,1,5120242,512024,24,I-80 WB Passing Deck,T80N,31,R06W,Iowa City I-80,RIOI4,41.6891,-91.5812,819,JOHNSON,I-80,242.15,556607,Coralville,6,52,2019-06-23T16:32:42.000Z,NA,2019-06-23T16:34:52.127Z,9999,9999,9999,2,-05:00,199,9999
-91.447300000061318,42.471000000017177,169,0,5120271,512027,27,US 20 EB Passing Pavement,T89N,33,R05W,Manchester,RMNI4,42.471,-91.4473,1013,DELAWARE,US 20,276.95,556605,Manchester,6,28,2019-06-18T20:03:11.000Z,NA,2019-06-23T16:34:52.127Z,9999,9999,9999,1,-05:00,299,9999
-93.341799999999765,43.038000000000416,170,0,5120301,512030,30,I-35 NB Driving Pavement,T95N,20,R21W,Mason City,RMCI4,43.038,-93.3418,1235,CERRO GORDO,I-35,186.6,552617,Mason City,2,17,2019-06-23T05:30:21.000Z,NA,2019-06-23T16:34:52.127Z,9999,9999,9999,1,-05:00,299,9999
-93.341799999999765,43.038000000000416,171,0,5120302,512030,30,I-35 NB Passing Deck,T95N,20,R21W,Mason City,RMCI4,43.038,-93.3418,1235,CERRO GORDO,I-35,186.6,552617,Mason City,2,17,2019-06-23T05:30:21.000Z,NA,2019-06-23T16:34:52.127Z,9999,9999,9999,2,-05:00,199,9999
-93.341799999999239,43.038000000004565,172,0,5120303,512030,30,I-35 SB Driving Deck,T95N,20,R21W,Mason City,RMCI4,43.038,-93.3418,1235,CERRO GORDO,I-35,186.6,552617,Mason City,2,17,2017-09-18T12:20:02.000Z,NA,2019-06-10T21:52:31.948Z,9999,9999,9999,3,,,
-92.459199999998106,43.067167000000545,173,1,5120331,512033,33,US-18 EB Driving Deck,T95N,2,R14W,New Hampton,RNHI4,43.067167,-92.4592,1072,CHICKASAW,US 18,223.95,552819,New Hampton,2,19,2019-06-23T16:30:10.000Z,Wet,2019-06-23T16:34:52.127Z,73.6,9999,9999,1,-05:00,10,9999
-96.229499999614134,42.171300000118165,174,1,5120341,512034,34,I-29 SB Driving Deck,T85N,17,R46W,Sloan,RONI4,42.1713,-96.2295,995,MONONA,I-29,123.5,553607,Sloan,3,67,2019-06-23T16:33:10.000Z,NA,2019-06-23T16:34:52.127Z,76.5,9999,9999,1,-05:00,10,9999
-92.309000000003408,42.455667000001739,175,1,5120463,512046,46,I-380 Driving Deck,T88N,12,R13W,Waterloo,RWLI4,42.455667,-92.309,882,BLACK HAWK,I-380,71.3,552807,Waterloo,2,7,2019-06-23T16:30:04.000Z,NA,2019-06-23T16:34:52.127Z,9999,9999,9999,3,-05:00,199,9999
-92.008700000011572,41.687667000011146,176,1,5120482,512048,48,I-80 WB Passing Deck,T80N,33,R10W,Williamsburg,RWBI4,41.687667,-92.0087,854,IOWA,I-80,219.9,556606,Williamsburg,6,48,2019-06-23T16:30:24.000Z,Dry,2019-06-23T16:34:52.127Z,87.8,9999,9999,2,-05:00,11,9999
-93.0583,42.4534,177,1,5120502,512050,50,US 20 WB Driving Deck,T88N,10,R19W,Steamboat Rock,RSBI4,42.4534,-93.0583,1111,HARDIN,US 20,,551608,Iowa Falls,1,42,2019-06-23T16:34:07.000Z,Dry,2019-06-23T16:34:52.127Z,96.6,9999,9999,2,-05:00,10,9999
-93.2597,41.688999999999893,178,1,5120530,512053,53,I-80 EB Driving Deck,T80N,35,R21W,Colfax,RCFI4,41.689,-93.2597,806,JASPER,I-80,154.5,551804,Newton,1,50,2019-06-23T16:30:02.000Z,Dry,2019-06-23T16:34:52.127Z,87.6,9999,9999,0,-05:00,10,9999
-93.2597,41.688999999999893,179,1,5120531,512053,53,I-80 EB Driving Pavement,T80N,35,R21W,Colfax,RCFI4,41.689,-93.2597,806,JASPER,I-80,154.5,551804,Newton,1,50,2019-06-23T16:30:02.000Z,Dry,2019-06-23T16:34:52.127Z,87.3,9999,9999,1,-05:00,20,9999
-93.2597,41.688999999999893,180,1,5120532,512053,53,I-80 WB Driving Deck,T80N,35,R21W,Colfax,RCFI4,41.689,-93.2597,806,JASPER,I-80,154.5,551804,Newton,1,50,2019-06-23T16:30:02.000Z,Dry,2019-06-23T16:34:52.127Z,88.9,9999,9999,2,-05:00,11,9999
-92.6436,41.1465,181,1,5120561,512056,56,IA 137 WB Deck,T73N,12,R16W,Eddyville,RDYI4,41.1465,-92.6436,799,MONROE,IA 137,,555690,Ottumwa,5,68,2019-06-23T16:20:04.000Z,NA,2019-06-23T16:34:52.127Z,9999,9999,9999,1,-05:00,199,9999
-90.5131,41.5171,182,1,5120610,512061,61,I-74 NB Driving Deck,T78N,33,R04E,Quad Cities,RQCI4,41.5171,-90.5131,580,SCOTT,I-74,,556812,Davenport,6,82,2019-06-23T16:30:05.000Z,Dry,2019-06-23T16:34:52.127Z,9999,9999,9999,0,-05:00,199,0.82
-96.347864,42.54972,183,0,5120620,512062,62,US 75 SB Driving Pavement,T89N,1,R47W,Sioux City,RSMI4,42.54972,-96.347864,1138,WOODBURY,US 75,,553603,Sioux City Leeds,3,97,2018-12-13T14:10:02.000Z,NA,2019-06-23T16:34:52.127Z,9999,9999,9999,0,-05:00,299,9999
-90.5131,41.5171,184,1,5120611,512061,61,I-74 NB Driving Pavement,T78N,33,R04E,Quad Cities,RQCI4,41.5171,-90.5131,580,SCOTT,I-74,,556812,Davenport,6,82,2019-06-23T16:30:05.000Z,NA,2019-06-23T16:34:52.127Z,9999,9999,9999,1,-05:00,299,9999
-93.5706,41.8059,185,1,5120670,512067,67,I-35 SB Driving Lane,T81N,30,R23W,VSL mm97 Beacon,,41.8059,-93.5706,,POLK,I-35,,551602,Ames Garage,1,77,2019-06-23T16:30:06.000Z,Dry,2019-06-23T16:34:52.127Z,9999,9999,9999,0,-05:00,299,0.82
-93.5706,41.8059,186,0,5120671,512067,67,I-35 NB Driving Lane,T81N,30,R23W,VSL mm97 Beacon,,41.8059,-93.5706,,POLK,I-35,,551602,Ames Garage,1,77,2018-08-21T21:00:06.000Z,NA,2019-06-23T16:34:52.127Z,9999,9999,9999,1,-05:00,299,9999
-93.5714,41.8633,187,1,5120680,512068,68,I-35 SB Driving Lane,T82N,31,R23W,VSL mm101,,41.8633,-93.5714,,POLK,I-35,,551602,Ames Garage,1,77,2019-06-23T16:30:09.000Z,Dry,2019-06-23T16:34:52.127Z,9999,9999,9999,0,-05:00,299,0.81
-93.5714,41.8633,188,1,5120681,512068,68,I-35 NB Driving Lane,T82N,31,R23W,VSL mm101,,41.8633,-93.5714,,POLK,I-35,,551602,Ames Garage,1,77,2019-06-23T16:30:09.000Z,Dry,2019-06-23T16:34:52.127Z,9999,9999,9999,1,-05:00,299,0.82
-95.895899999781008,41.232500000161522,189,1,5120120,512012,12,I-80 WB Bridge Deck,T74N,10,R44W,Council Bluffs,,41.2325,-95.8959,,POTTAWATTAMIE,I-80,,554803,Council Bluffs North,1,78,2019-06-23T16:30:25.000Z,Dry,2019-06-23T16:34:52.127Z,69.6,9999,9999,0,-05:00,10,0.82
-92.470605999990596,43.370716000004698,195,1,5120690,512069,69,IA 9 - TBD,T99N,26,R14W,Saratoga,,43.370716,-92.470606,413.6,HOWARD,IA 9,221.39,552896,Decorah,2,45,2019-06-23T16:26:23.000Z,Trace Moisture,2019-06-23T16:34:52.127Z,73.4,9999,9999,0,-05:00,20,9999
-92.470605999990596,43.370716000004698,196,1,5120691,512069,69,IA 9 - TBD,T99N,26,R14W,Saratoga,,43.370716,-92.470606,413.6,HOWARD,IA 9,221.39,552896,Decorah,2,45,2019-06-23T16:26:23.000Z,Wet,2019-06-23T16:34:52.127Z,73.4,9999,9999,1,-05:00,20,9999
-91.953400000011996,42.964900000000789,197,1,5120700,512070,70,US 18 WB Bridge Deck,T94N,7,R09W,Hawkeye,,42.9649,-91.9534,327.5,FAYETTE,US 18,263.43,552833,West Union,2,33,2019-06-23T16:26:22.000Z,Trace Moisture,2019-06-23T16:34:52.127Z,75.4,9999,9999,0,-05:00,10,9999
-91.953400000011996,42.964900000000789,198,1,5120701,512070,70,US 18 WB Approach,T94N,7,R09W,Hawkeye,,42.9649,-91.9534,327.5,FAYETTE,US 18,263.43,552833,West Union,2,33,2019-06-23T16:26:22.000Z,Trace Moisture,2019-06-23T16:34:52.127Z,75.7,9999,9999,1,-05:00,20,9999
